user_count,est_gender
59,male
62,male
69,male
100,male
303,female
732,male
1021,female
1125,male
1151,female
1556,male
1982,male
2610,male
2632,male
2961,male
3110,male
3299,male
3521,male
4046,female
4526,female
4669,female
4976,female
4978,male
5148,female
5216,male
5432,male
5474,male
5776,male
5922,male
6101,female
6285,male
7072,female
7290,female
7486,female
7507,male
7581,male
7777,male
7805,male
7966,female
8269,male
8690,female
8835,male
8897,female
9494,male
9500,female
9868,nan
10232,male
10273,male
10910,nan
11091,male
11127,female
11222,male
11361,female
11814,female
12019,male
12417,male
12558,male
12646,male
12888,nan
13028,male
13697,male
15640,female
16217,nan
16274,female
16729,female
16737,male
17861,female
17884,unisex
18318,male
18460,male
18767,male
19619,female
19714,male
19804,male
19808,female
21074,female
21595,male
23384,unisex
23448,unisex
23502,male
23759,female
24101,male
24414,male
24456,male
24889,male
25069,female
25501,female
25969,male
26487,male
26597,female
26766,nan
28261,female
28336,male
28732,male
29015,female
30355,male
30504,female
30620,female
30924,male
31557,male
31687,male
31799,female
31871,female
32065,male
32155,female
32552,unisex
32639,female
32955,female
33021,male
33057,male
33299,female
33876,male
34004,female
34174,male
34229,female
34618,male
35568,female
35707,nan
35816,male
35833,female
35911,female
35932,female
36258,male
36573,female
37040,male
37063,female
37177,male
37316,male
37322,male
37387,female
37471,female
37745,female
37762,male
38290,female
39125,male
39272,male
39805,male
40262,male
40485,female
40596,female
40781,female
40784,male
41504,male
41600,male
41724,female
42248,female
42666,female
42804,female
42989,male
43045,female
43156,male
44188,male
44313,male
44491,male
44612,female
44652,male
44796,male
44894,female
45062,nan
45279,male
46063,male
46372,male
46471,female
46646,male
46703,female
46872,female
46909,male
46928,nan
47074,female
47120,nan
47130,male
47436,female
48134,female
48520,female
48777,male
49399,female
49683,male
50050,male
50284,female
50442,male
50552,female
51022,male
51027,male
51084,male
51330,female
51427,female
51871,female
52336,male
52487,male
52853,male
53034,female
53060,female
53106,female
53213,female
53327,male
53536,male
53707,female
54060,male
54080,male
54466,female
55273,male
